short_name,character,unicode,categories,search_keyword
accidental-leave,,/e000,medical,"accidental,leave,medical,cross,plus,emergency,hospital"
account,,/e001,people,"user,menu,settings,person,account"
wrench,,/e002,actions,"wrench,control,configuration,settings,tool"
windows-doors,,/e003,objects,"window,door,entry"
washing-machine,,/e004,objects,"washing,machine,laundry,clean,wash,purify"
visits,,/e005,"actions,arrows,people","user,arrow,door,visit,login,entry"
video,,/e006,"actions,devices,objects","camera,recorder,video,movie,clip"
travel-expense,,/e007,"money,transport","plane,dollar,money,trip,expense,travel,holiday,flight,budget,billing,invoice,cost,payments"
temperature,,/e008,"objects,charts,medical","temperature,hot,heat,cold,cool,illness,sickness,health,medical"
task,,/e009,clipboards,"clipboard,task,checkbox,checklist,list,checkmark"
synchronize,,/e00a,"actions,arrows","synchronize,reload,refresh,arrow"
survey,,/e00b,form,"survey,form,checklist,list,checkbox,checkmark,x"
settings,,/e00c,actions,"cogwheels,configuration,settings,tools,modify,customize"
search,,/e00d,actions,"search,magnifier,glass"
sales-document,,/e00e,"documents,money","document,page,file,text,sales,money"
retail-store,,/e00f,"shopping,places","shop,store,retail,market"
refresh,,/e010,"actions,arrows","reload,refresh,arrow"
product,,/e011,objects,"product,commodity,goods,stock,merchandise,package"
present,,/e012,time,"time,clock,star,current,present"
ppt-attachment,,/e013,documents,"document,page,file,attachment,ppt,powerpoint"
pool,,/e014,"objects,places","pool,basin,swim"
pie-chart,,/e015,charts,"analytics,chart,display,data,pie,segments"
picture,,/e016,objects,"picture,photo,photograph,shot,image"
photo-voltaic,,/e017,objects,"photovoltaic,voltaic,electricity,power,solar,panel,sun"
phone,,/e018,"actions,devices,objects","phone,telephone,landline,number,call,dial"
pending,,/e019,time,"time,clock,pend,pending,awaiting,unresolved,unsettled"
pdf-attachment,,/e01a,documents,"document,page,file,attachment,pdf"
past,,/e01b,time,"time,clock,past,bygone,former,late"
outgoing-call,,/e01c,actions,"call,communicate,phone,telephone,outgoing,arrow"
opportunity,,/e01d,objects,"chart,line,star,opportunity,stock,market,exchange,trade"
opportunities,,/e01e,people,"user,person,dollar,equal to,opportunity"
notes,,/e01f,actions,"notes,marks,info,draft"
money-bills,,/e020,money,"money,cash,payment,bills,dollar"
map,,/e021,"objects,places","map,pin,loaction,place,area"
log,,/e022,actions,"log,logout,log on,log off"
line-charts,,/e023,charts,"analytics,chart,display,data"
lightbulb,,/e024,objects,"lightbulb,light,lamp,idea"
leads,,/e025,people,"user,person,leads,star,equal to"
lead,,/e026,money,"money,dollar,currency,payment"
laptop,,/e027,"devices,objects","laptop,device,computer"
kpi-managing-my-area,,/e028,people,"user,person,kpi,checkmark,equal to"
kpi-corporate-performance,,/e029,objects,"chart,line,kpi,checkmark,performance"
incoming-call,,/e02a,actions,"call,communicate,incoming,phone,telephone,arrow"
inbox,,/e02b,"actions,arrows","inbox,in,arrow"
horizontal-bar-chart,,/e02c,charts,"analytics,chart,display,data,bar,horizontal"
history,,/e02d,time,"time,clock,history,past,chronicle"
heating-cooling,,/e02e,objects,"temperature,air conditioning,ac,heat,cold,sun,snowflake"
gantt-bars,,/e02f,"calendars,objects","calendar,gantt,bars,gantt bars,chart,schedule"
future,,/e030,time,"time,clock,arrow,future,hereafter"
fridge,,/e031,objects,"fridge,refrigerator,icebox,freezer,cooler,appliance"
fallback,,/e032,folder,"folder,fallback,marked,object,directory,library"
expense-report,,/e033,"documents,money","expense,report,documents,money,dollar"
excel-attachment,,/e034,documents,"document,page,file,attachment,excel,spreadsheet,accounting"
energy-saving-lightbulb,,/e035,objects,"lightbulb,light,lamp,idea,eco,energy saving"
employee,,/e036,people,"user,person,employee,member,operator,representative"
email,,/e037,"actions,objects","envelope,email,e-mail,electronic mail,mail,correspondence"
edit,,/e038,actions,"pencil,pen,write,edit,modify,text"
duplicate,,/e039,"actions,arrows","duplicate,objects,arrow"
download,,/e03a,arrows,"download,arrow"
doc-attachment,,/e03b,documents,"document,page,file,attachment,word,text"
dishwasher,,/e03c,objects,"dishwasher,dish,wash,appliance"
delete,,/e03d,actions,"bin,trash can,rubbish,delete"
decline,,/e03e,actions,"reject,close,remove,cancel,x"
complete,,/e03f,actions,"complete,checkmark,tick,affirmative,enter,finish"
competitor,,/e040,objects,"competitor,winner,prize,award,trophy,cup"
collections-management,,/e041,"money,objects","calculator,counting,simulate,collections management,total,accounting"
chalkboard,,/e042,objects,"chalkboard,education,teaching,learning,classroom,school,college"
cart,,/e043,shopping,"cart,trolley,basket,shopping"
card,,/e044,objects,"image,placeholder,picture,hills,mountains,sun,card"
camera,,/e045,"actions,objects","camera,photograph,device,image,snap shot"
calendar,,/e046,calendars,calendar
begin,,/e047,arrows,"begin,start,arrows"
basket,,/e048,shopping,"basket,shopping"
bar-chart,,/e049,charts,"analytics,chart,display,data,column"
attachment,,/e04a,actions,"attach,file,paper clip"
arrow-top,,/e04b,arrows,"arrow top,up"
arrow-right,,/e04c,arrows,arrow right
arrow-left,,/e04d,arrows,arrow left
arrow-bottom,,/e04e,arrows,"arrow bottom,down"
approvals,,/e04f,form,"form,details,text,approvals,accepted,checkmark"
appointment,,/e050,calendars,"date picker,calendar,month,week,day,appointment"
alphabetical-order,,/e051,actions,"function,alphabet,letters,a to z,descending,sorting,order"
along-stacked-chart,,/e052,charts,"analytics,chart,display,data,bar"
alert,,/e053,status,"message,warning,critical,notifications,status"
addresses,,/e054,objects,"customers,contacts,addresses,email,e-mail,directory,companies,houses,homes"
address-book,,/e055,objects,"customers,contacts,addresses,email,e-mail,directory,companies,@,at"
add-filter,,/e056,actions,"filter,organise,aggregate,data,add,plus,additional,another,more"
add-favorite,,/e057,actions,"favorite,favourite,star,add,plus,additional,another,more"
add,,/e058,actions,"add,plus,additional,another,more,add row,add object,add item"
activities,,/e059,actions,"activities,tasks,to do,list"
action,,/e05a,actions,"actions,collection,share options,forward actions,more actions,arrow"
accept,,/e05b,actions,"accept,approve,correct,checkmark,tick,affirmative"
hint,,/e05c,"actions,text","information,hint,about,details"
group,,/e05d,people,"group,team,people,communication,collaborate,teamwork,peer to peer,design thinking,work,together,project,customers,audience,category"
check-availability,,/e05e,calendars,"date picker,calendar,month,week,day,appointment,search,look up,check,availability,find"
weather-proofing,,/e05f,objects,"weather,proofing,protection"
payment-approval,,/e060,"actions,money","sales,simple payment,money,bill,details,quote,accept,approval,checkmark"
batch-payments,,/e061,"folder,money","folder,open,money,documents,payments,bills"
bed,,/e062,objects,"bed,sleep,ill,hospital,sick,medical,tired,snooze,night"
arobase,,/e063,objects,"at,@,email,address"
family-care,,/e064,people,"family,protection,people,family"
favorite,,/e065,actions,"favorite,favourite,star,full,filled,starred"
navigation-right-arrow,,/e066,"actions,arrows","navigation,right,expand,collapsed tree,tree arrow,arrow"
navigation-left-arrow,,/e067,"actions,arrows","navigation,left,arrow"
e-care,,/e068,objects,"e care,digital customer care,service,electronic,leaf,leaves,nature,organic,health,environment"
less,,/e069,actions,"less,minus,subract"
lateness,,/e06a,objects,"time,timer,waiting,lateness,loading,hour glass,sand,out of time"
lab,,/e06b,objects,"lab,chemicals,liquid,mixture,chemistry,science,laboratory"
internet-browser,,/e06c,objects,"screen,internet,website,browser,web app,globe,www,html"
instance,,/e06d,time,"instance,process,clock,chevron"
inspection,,/e06e,"actions,documents","search,document,inspect"
image-viewer,,/e06f,"actions,objects","image,placeholder,picture,hills,mountains,sun,viewer,carousel,lightbox"
home,,/e070,"actions,places","home,house,index,landing page,start,main"
grid,,/e071,objects,"grid,layout,boxes,sqaures,modular,waffle"
goalseek,,/e072,objects,"goal,goalseek,target,result,objective,aim"
general-leave-request,,/e073,"actions,places","holiday,vacation,leave,request,deck,chair,sun,create"
create-leave-request,,/e074,"actions,places","holiday,vacation,leave,request,deck chair,sun,create,add,plus,additional,another,more"
flight,,/e075,transport,"plane,trip,travel,holiday,flight,Aeroplane,transit,shipment"
filter,,/e076,actions,"filter,organise,aggregate,data"
favorite-list,,/e077,actions,"favorite,favourite,star,menu,list"
factory,,/e078,"objects,places","factory,production,supplier,manufacturing"
endoscopy,,/e079,"medical,objects","endoscopy,medical,procedure"
employee-pane,,/e07a,people,"user,person,employee,member,operator,representative,profile,me"
employee-approvals,,/e07b,"people,status","person,accept,approval,employee,hr,human resources"
email-read,,/e07c,actions,"mail,letter,e-mail,envelope,open,read"
electrocardiogram,,/e07d,medical,"electrocardiogram,heart,scan,monitor,medical"
documents,,/e07e,documents,"document,page,file,attachment,documents"
decision,,/e07f,people,"hand shake,decision,hands,agreement,colleagues,contract"
database,,/e080,objects,"database,big data,cube,complex,complicated,simple,information,backend"
customer-history,,/e081,people,"person,history,customer,user,clock,account"
customer,,/e082,people,"person,individual,user,customer,human,circle,profile,me"
credit-card,,/e083,objects,"credit card,master-card,money,debit,order,buy,purchase,shopping,book online"
create-entry-time,,/e084,"actions,documents","document,page,file,attachment,timesheet,clock,hours,days,workday,create entry time,add,plus,additional,another,more"
contacts,,/e085,objects,"customers,contacts,address,email,e-mail,phone book,directory,phone numbers,companies"
compare,,/e086,objects,"compare,law,legal,justice,scale,measure,weight,balance,compare,comparison"
clinical-order,,/e087,"documents,medical","document,page,file,text,medical,clinical"
chain-link,,/e088,actions,"link,chain,hyperlink"
pull-down,,/e089,"actions,arrows","navigation,pull down,refresh,arrow"
cargo-train,,/e08a,transport,"train,cargo,delivery,transit"
car-rental,,/e08b,transport,"car,auto,rental,company car,hire,vehicle,transportation"
business-card,,/e08c,"objects,people","business card,contact,networking,colleague,person,address,identification,details,profile"
bar-code,,/e08d,"documents,objects","bar code,document,file,scan,verify"
folder-blank,,/e08e,folder,"folder,directory,directory,library"
passenger-train,,/e08f,transport,"train,public transportation,passenger"
question-mark,,/e090,status,"message,question mark,neutral,notifications,status"
world,,/e091,"objects,places","globe,world,goegraphical,earth,planet,international,global"
iphone,,/e092,"devices,objects","iphone,phone,smart phone,portrait,tablet,mobile,responsive,cozy"
ipad,,/e093,"devices,objects","ipad,tablet,portrait,mobile,responsive,cozy"
warning,,/e094,status,"warning,exclamation mark,indicator,information"
sort,,/e095,"actions,arrows","sort,aggregate,ascending,descending,arrow"
course-book,,/e096,objects,"education,course,learning,e book,bookmark,open,knowledge,course book,program"
course-program,,/e097,documents,"document,page,file,attachment,course,education,course,learning,e book,bookmark,open,knowledge,coursebook,program"
add-coursebook,,/e098,"actions,objects","education,course,learning,e book,bookmark,open,knowledge,course book,program,add,plus,additional,another,more"
print,,/e099,"actions,devices,objects","print,printer,send to print,hard copy,output,paper,document,file"
save,,/e09a,"actions,objects","save,diskette,floppy disc,local disc,hard disc"
play,,/e09b,actions,play
pause,,/e09c,actions,pause
record,,/e09d,actions,record
response,,/e09e,"actions,arrows","reply,response,arrow"
pushpin-on,,/e09f,"actions,documents","document,page,file,attachment,pin,pushpin,stick,unstick,snap,remove pin,unpin,off,on"
pushpin-off,,/e0a0,"actions,objects","pin,pushpin,stick,unstick,snap,remove pin,unpin,off,on"
unfavorite,,/e0a1,actions,"removed,not starred,empty,no favorite,add to favorite,not favorite at the moment"
learning-assistant,,/e0a2,people,"education,course,learning,e book,bookmark,open,knowledge,school,college,help,tutor,assistant,teacher,professor"
timesheet,,/e0a3,"documents,time","document,page,file,attachment,timesheet,clock,hours,days,workday"
time-entry-request,,/e0a4,time,"time,entry,request,clock,list"
list,,/e0a5,actions,"list,text,ordered"
action-settings,,/e0a6,actions,"settings,cogwheel,configuration,tools,modify,customize"
share,,/e0a7,"actions,arrows","share,reshare,distribute,arrow"
feed,,/e0a8,actions,"feed,messages,input,news,updates,latest,real-time"
role,,/e0a9,"people,status","person,individual,user,customer,permission,access,granted,open,restrictions,unlocked"
flag,,/e0aa,actions,"flag,mark,marker,important"
post,,/e0ab,"actions,callout","speech,bubble,comment,post"
inspect,,/e0ac,"actions,arrows","inspect,dialog,popup,popout,arrow"
inspect-down,,/e0ad,actions,"cancel,x,close,dialog,popup"
appointment-2,,/e0ae,calendars,"date picker,calendar,month,week,day,appointment"
target-group,,/e0af,objects,"arrow,dart,dartboard,target group,goal,audience,specific"
marketing-campaign,,/e0b0,objects,"marketing campaign,loud speaker,megaphone,notify,announcenment,public address"
message-error,,/e0b1,status,"message,error,negative,notifications,status"
comment,,/e0b2,callout,"speech,bubble,comment,discussion"
shipping-status,,/e0b3,transport,"shipping status,truck,products,delivery,supplier,transit,lorry,van,shipment"
collaborate,,/e0b4,people,"group,team,people,colleagues,communication,collaborate,teamwork,peer to peer,design thinking,work,together,project"
shortcut,,/e0b5,arrows,"shortcut,redirect,arrow"
lead-outdated,,/e0b6,money,"lead outdated,circle,dollar"
tools-opportunity,,/e0b7,"charts,objects","analytics,chart,display,data,overview,map,org,tree"
permission,,/e0b8,"documents,status","document,page,file,permission,access,granted,open,restrictions,unlocked"
supplier,,/e0b9,people,"supplier,package,product,satisfaction,returns,deliveries,warehouse,person,seller,buyer,inventory"
table-view,,/e0ba,"charts,objects,tables","analytics,chart,display,data,table,grid,view,columns,rows,waffle"
table-chart,,/e0bb,"charts,objects,tables","analytics,chart,display,data,table,columns,rows,grid,view,waffle"
switch-views,,/e0bc,actions,"switch,views,objects,arrange"
e-learning,,/e0bd,objects,"education,course,e learning,e book,bookmark,open,knowledge,school,college,computer,screen"
manager,,/e0be,people,"manager,company,overview,inform,board,leader,conference,meeting,keynote,speech,presentation"
switch-classes,,/e0bf,"actions,people","switch,views,objects,arrange,classes"
simple-payment,,/e0c0,money,"sales,simple payment,money,bill,details,quote"
signature,,/e0c1,actions,"pencil,pen,signature,sign"
sales-order-item,,/e0c2,"documents,money","document,page,file,sales order item,money,bill,details,quote"
sales-order,,/e0c3,"documents,money","document,page,file,sales order,money,bill,details,quote"
request,,/e0c4,"actions,documents","document,page,file,text,edit,write,new,pencil,pen,request"
receipt,,/e0c5,"actions,form,money","money,bill,details,proof,sale,receipt"
puzzle,,/e0c6,objects,"puzzle,pieces,fit,together,jigsaw,thinking,objects,challenge"
process,,/e0c7,"actions,arrows","process,flow,arrow,chevron"
private,,/e0c8,"people,status","person,individual,user,customer,human,locked,in use,occupied,restricted,private,forbidden"
popup-window,,/e0c9,"actions,devices","computer,dialog,popup,window,screen,popout"
person-placeholder,,/e0ca,people,"person,individual,user,customer,human,profile,me"
per-diem,,/e0cb,"calendars,money","euro,time,per diem,calendar"
paper-plane,,/e0cc,"actions,objects","send,flight,paper,plane,fly,message,note,folded"
paid-leave,,/e0cd,money,"paid leave,money,dollar,bill,approved"
pdf-reader,,/e0ce,"actions,documents","pdf reader,document,display,file"
overview-chart,,/e0cf,charts,"analytics,chart,display,data,overview,map,org"
overlay,,/e0d0,objects,"overlay,circle,dot"
org-chart,,/e0d1,charts,"analytics,chart,display,data,overview,map,org,tree"
number-sign,,/e0d2,objects,"number sign,hash,#'"
notification-2,,/e0d3,"actions,callout","speech,bubble,comment,discussion,notification"
my-sales-order,,/e0d4,"documents,people","document,page,sales,order,money,bill,details,quote,invoice"
meal,,/e0d5,objects,"meal,knife and fork,dinner,lunch,eating,dine,expenses"
loan,,/e0d6,objects,"money bag,bank,dollar,tag"
order-status,,/e0d7,documents,"document,page,file,attachment,order,status"
customer-order-entry,,/e0d8,form,"sign,signature,order,entry,customer,contract,agreement"
performance,,/e0d9,objects,"gauge,measure,speed,monitor,performance"
menu,,/e0da,actions,"menu,list"
employee-lookup,,/e0db,people,"customer,user,person,individual,contacts,look up,find,search"
education,,/e0dc,objects,"education,course,learning,e book,bookmark,open,knowledge,school,college"
customer-briefing,,/e0dd,people,"customer,user,person,individual,contacts,address,email,e-mail,briefing"
customer-and-contacts,,/e0de,people,"customer,user,person,individual,contacts,address,email,e-mail"
my-view,,/e0df,"actions,objects,people","my view,person,profile,tv,monitor,video call,individual,cutomer,user"
accelerated,,/e0e0,calendars,"calendar,time,speed"
to-be-reviewed,,/e0e1,status,"to be reviewed,indicator,information"
warning2,,/e0e2,status,"warning,to be reviewed,indicator,information"
feeder-arrow,,/e0e3,arrows,"feeder,arrow,input,enter text,execute,send"
quality-issue,,/e0e4,status,"quality issue,warning,problem,attention,status,details"
workflow-tasks,,/e0e5,"actions,calendars","calendar,workflow,task,process,steps,project"
create,,/e0e6,"actions,documents","document,page,file,attachment,create,new"
home-share,,/e0e7,"actions,places","globe,world,goegraphical,earth,planet,share,global distribution,arrow"
globe,,/e0e8,"objects,places","globe,world,goegraphical,earth,planet,international,global"
tags,,/e0e9,"actions,objects","tag,label,marker,indicator,detail"
work-history,,/e0ea,folder,"folder,person,work history"
x-ray,,/e0eb,medical,"x ray,procedure,scan,medical"
wounds-doc,,/e0ec,"medical,people","wounds,doc,injury,accident,hospital,patient,emergency,health,illness,cross"
web-cam,,/e0ed,"actions,devices,objects","web cam,camera,live,video,visual"
waiver,,/e0ee,money,"waiver,money bag,percentage"
vertical-bar-chart,,/e0ef,charts,"analytics,chart,display,data,bar,vertical,column"
upstacked-chart,,/e0f0,charts,"analytics,chart,display,data,upstacked,vertical,column"
trip-report,,/e0f1,"charts,status,transport","analytics,chart,display,data,suitcase,trip,report,business trip"
microphone,,/e0f2,"actions,objects","microphone,mic,keynote,announcement,speech,talk,audio,dictate,record"
unpaid-leave,,/e0f3,money,"unpaid leave,money,dollar,bill,rejected"
tree,,/e0f4,"charts,objects","analytics,chart,display,data,overview,map,org,tree"
toaster-up,,/e0f5,"actions,objects","toaster,up,details"
toaster-top,,/e0f6,objects,"toaster,top,details"
toaster-down,,/e0f7,"actions,objects","toaster,down,details"
time-account,,/e0f8,time,"time,account,clock,list"
theater,,/e0f9,objects,"theater,show,play,masks"
taxi,,/e0fa,transport,"car,taxi,cab,transportation"
subway-train,,/e0fb,transport,"subway train,underground,tube"
study-leave,,/e0fc,objects,"study,education,graduate,school,college,student,qualification"
stethoscope,,/e0fd,medical,"stethoscope,medical,health,doctor,hospital,nurse"
step,,/e0fe,"actions,arrows","process,flow,step,arrow"
sonography,,/e0ff,medical,"sonography,medical,ultrasound,ultrasonography"
soccor,,/e100,objects,"soccer,ball,football,world cup"
physical-activity,,/e101,"medical,people","physical activity,runing,run,jogging"
pharmacy,,/e102,medical,"medicine,pills,drugs,pharmacy,pain,medication"
official-service,,/e103,"objects,places","official,service,government,court house,law,legal,authority,official"
offsite-work,,/e104,"objects,places","offsite work,external,company,office,outside"
nutrition-activity,,/e105,"medical,objects","apple,nutrition,activity,health,fruit"
newspaper,,/e106,objects,"newspaper,headlines,latest,updates"
monitor-payments,,/e107,"money,people","report,bill,billing,sales,expense,quote,envelope,invoice,dollar,money,monitor payments"
map-2,,/e108,"objects,places","map,card,navigation,hunt,destination,location"
machine,,/e109,objects,"machine,factory,production,supplier,technical"
mri-scan,,/e10a,medical,"mri,scan,medical"
end-user-experience-monitoring,,/e10b,objects,"end user experience monitoring,gauge,measure,speed,monitor"
unwired,,/e10c,objects,"unwired,gauge,measure,speed,monitor,performance"
customer-financial-fact-sheet,,/e10d,documents,"document,page,file,attachment,customer,financial,fact sheet,money"
retail-store-manager,,/e10e,shopping,retail store manager
Netweaver-business-client,,/e10f,objects,"netweaver business client,bird"
electronic-medical-record,,/e110,"medical,objects","electronic medical record,medical,cross,emergency,hospital"
eam-work-order,,/e111,objects,"enterprise asset management,work,order,hard hat,check,tick mark"
customer-view,,/e112,objects,"customer,view,analytics,overview"
crm-service-manager,,/e113,clipboards,"crm service manager,task,dropdown,list"
crm-sales,,/e114,objects,"crm sales,customer,relationship,management,person,star,money,list"
widgets,,/e115,objects,"widgets,random,star,dollar,plane,music,apps"
commission-check,,/e116,money,"commission check,coins,stack,search,percentage,money"
collections-insight,,/e117,money,"collections,insight,report,bill,billing,sales,expense,quote,envelope,invoice,dollar,money"
clinical-tast-tracker,,/e118,"clipboards,medical","clinical,task,tracker,clipboard,medical,checklist,check boxes"
citizen-connect,,/e119,people,"citizen connect,people,colleagues,communication,collaborate,teamwork,peer to peer,design thinking,work,together,project"
cart-approval,,/e11a,shopping,"cart,trolley,basket,shopping,item,approve,approval,accept,check"
capital-projects,,/e11b,"money,objects,places","capital projects,building,dollar,money"
bo-strategy-management,,/e11c,objects,"bo strategy management,business,object,circle"
business-objects-mobile,,/e11d,objects,"business objects mobile,analytics,chart,display,data"
business-objects-explorer,,/e11e,objects,"business objects explorer,compass"
business-objects-experience,,/e11f,charts,"analytics,chart,display,data,business objects experience,combination,line-chart,column,bar,vertical"
bbyd-dashboard,,/e120,objects,"business by design,dashboard"
bbyd-active-sales,,/e121,objects,"business by design,active,sales,search,approvals,check,book"
business-by-design,,/e122,objects,business by design
business-one,,/e123,objects,business one
sap-box,,/e124,objects,"container,box,work load,collection,documents,files,filing,directory,storage"
manager-insight,,/e125,objects,"manager,insight,company,overview,analyse,inform,board,report"
accounting-document-verification,,/e126,documents,"document,approve,verify,accounting,money,coins"
hr-approval,,/e127,"people,status","person,accept,approval,employee,hr,human resources"
idea-wall,,/e128,people,"idea,wall,collaborate,teamwork,peer to peer,design thinking,work,together,project,improve"
Chart-Tree-Map,,/e129,charts,"analytics,chart,display,data"
cart-5,,/e12a,shopping,"cart,trolley,basket,shopping,item,sap"
cart-4,,/e12b,shopping,"cart,trolley,basket,shopping,item,add,put in,insert,add,plus,additional,another,more"
wallet,,/e12c,"objects,money","money,wallet,purse,coins,bank,allowance,worth,wealth,cash,notes"
vehicle-repair,,/e12d,transport,"car,crash,accident,damage,repair,fix,garage,vehicle"
upload,,/e12e,"actions,arrows","upload,arrow"
unlocked,,/e12f,"actions,objects,status","unlocked,open padlock,open,status,available,access,unrestricted"
umbrella,,/e130,objects,"rain,umbrella,brolly,shelter,keep dry"
travel-request,,/e131,"callout,status,transport","bubble,question,exclamation,notifications,status,help"
travel-expense-report,,/e132,"money,transport","report,bill,billing,sales,travel,expense,quote,envelope,invoice"
travel-itinerary,,/e133,transport,"travel,airplane,plane,car,itinerary,schedule,plan,flight,drive"
time-overtime,,/e134,"money,time","time,overtime,clock,money,hours"
thing-type,,/e135,callout,"popup,speech,bubble,thing-type"
technical-object,,/e136,objects,"technical,object,wrench,tool,fine tune,tweak,fix,work,component"
tag,,/e137,"actions,objects","tag,label,marker,indicator,detail"
syringe,,/e138,"actions,medical","medical,emergency,hospital,syringe,needle,shot,injection"
syntax,,/e139,"actions,text","source,code,develop,write,syntax"
suitcase,,/e13a,"objects,travel","travel,suitcase,business trip,personal,possessions,articles,items,collection"
simulate,,/e13b,"actions,devices,objects","calculator,calculate,count,numbers,counting,simulate,divide,calculation,tot up,digits,algorithm,mathematician,mathematics"
shield,,/e13c,objects,"authority,legitimate,official,important,protection,defense,security"
share-2,,/e13d,actions,"share,distribute,share with connections"
sales-quote,,/e13e,"documents,money","document,page,file,text,sales,money,bill,details,quote"
repost,,/e13f,"actions,arrows","post again,circulate"
provision,,/e140,"charts,tables","analytics,chart,display,data,table,columns,rows,grid,settings,modify,customize"
projector,,/e141,"actions,devices,objects","beamer,projector,show,movie,presentation,keynote"
add-product,,/e142,"actions,objects","product,box,package,unit,inventory,add,plus,additional,another,more"
pipeline-analysis,,/e143,"charts,objects","analytics,chart,display,data,kebab"
add-photo,,/e144,"actions,objects","camera,photograph,device,image,snap shot,add,plus,additional,another,more"
palette,,/e145,objects,"palette,paint,color,spot,mixing,artist,theme,design"
nurse,,/e146,"medical,people","nurse,medical,cross,emergency,hospital"
sales-notification,,/e147,"callout,money","bubble,sales,notification"
mileage,,/e148,objects,"mileage,tank,petrol,fuel,fill up,gas,station"
meeting-room,,/e149,people,"meeting,room,collaborate,colleagues,teamwork,peer to peer"
media-forward,,/e14a,"actions,arrows","forward,media,arrow,end,finish"
media-play,,/e14b,"actions,arrows","play,media,arrow"
media-pause,,/e14c,"actions,arrows","pause,media,arrow"
media-reverse,,/e14d,"actions,arrows","reverse,media,arrow"
media-rewind,,/e14e,"actions,arrows","rewind,media,arrow,start,back"
measurement-document,,/e14f,objects,"measure,weight,scale,precision,technical,calibrate,calibration,calculation"
measuring-point,,/e150,objects,"measure,point,scale,precision,arrow"
measure,,/e151,objects,"measure,weight,scale,precision,technical,calibrate,calibration,calculation"
map-3,,/e152,"objects,places","map,card,x marks the spot,treasure,navigation,hunt,find,destination,location"
locked,,/e153,"actions,objects,status","locked,padlock,private,status,in use,forbidden,restricted,safe"
letter,,/e154,objects,"letter,mail,post,postal,envelope,address,contact,correspondence"
journey-arrive,,/e155,"actions,arrows","journey,arrive,arrow,placement"
journey-change,,/e156,"actions,arrows","journey,change,direction,arrow,placement"
journey-depart,,/e157,"actions,arrows","journey,depart,arrow,move,placement"
it-system,,/e158,"devices,objects","server,it,machine,computer,technology,device,system"
it-instance,,/e159,"devices,objects","server,it,machine,computer,technology,device,instance"
it-host,,/e15a,"devices,objects","server,it,machine,computer,technology,device,host"
iphone-2,,/e15b,"devices,objects","iphone,phone,smart phone,landscape,tablet,mobile,responsive,cozy"
ipad-2,,/e15c,"devices,objects","ipad,landscape,tablet,mobile,responsive,cozy"
inventory,,/e15d,transport,"inventory,truck,wrench,tools"
insurance-house,,/e15e,documents,"document,page,file,attachment,insurance,house"
insurance-life,,/e15f,documents,"document,page,file,attachment,insurance,life"
insurance-car,,/e160,documents,"document,page,file,attachment,insurance,car"
initiative,,/e161,"arrows,objects","initiative,initiate,begin,enter,right,arrow,circle"
incident,,/e162,status,"incident,question,message"
group-2,,/e163,actions,"group,data,aggregate,list,table"
goal,,/e164,objects,"goal,target,result,objective,aim"
functional-location,,/e165,objects,"arrow,locate,me,map,location,pointer,navigation,functional"
full-screen,,/e166,actions,"full,screen,arrow"
form,,/e167,form,"form,details,text"
fob-watch,,/e168,objects,"fob watch,time,stop watch,timer,countdown"
blank-tag,,/e169,objects,"tag,label,marker,indicator,blank"
family-protection,,/e16a,people,"family,protection,people,house,roof,family"
folder,,/e16b,folder,"folder,details,directory,library"
fax-machine,,/e16c,"actions,devices","fax,machine,communicate"
example,,/e16d,objects,"example,dots,cicles,individual,odd"
eraser,,/e16e,actions,"pencil,pen,erase,remove,undo,text"
employee-rejections,,/e16f,"people,status","person,x,rejections,employee,hr,human resources"
drop-down-list,,/e170,"actions,arrows,tables","dropdown,list,arrow,drop down,view,view settings,view-settings,table,list,sort,filter,group,settings"
draw-rectangle,,/e171,"actions,objects","draw,rectangle,resize,shape,create"
document,,/e172,documents,"document,page,file,attachment,blank,new"
doctor,,/e173,"medical,people","doctor,medical,cross,emergency,hospital"
discussion-2,,/e174,callout,"speech,bubble,comment,discussion,text"
discussion,,/e175,callout,"speech,bubble,comment,discussion,blank"
dimension,,/e176,objects,"dimension,layers,stacked"
customer-and-supplier,,/e177,people,"customer and supplier,package,product,satisfaction,returns,warehouse,person,seller,buyer,inventory"
crop,,/e178,actions,"crop,clip,snip,cut,picture,image,shape,obect"
add-contact,,/e179,people,"person,contact,business card,customer,details,address,information,add,plus,additional,another,more"
compare-2,,/e17a,"actions,objects","compare,law,legal,justice,scale,measure,weight,balance,compare,comparison"
color-fill,,/e17b,objects,"square,filled,color"
collision,,/e17c,"objects,transport","car,crash,accident,damage"
curriculum,,/e17d,folder,"folder,curriculum,learning,documents,content"
chart-axis,,/e17e,charts,"analytics,chart,display,data,chart axis,arrows,directions"
full-stacked-chart,,/e17f,charts,"analytics,chart,display,data,full stacked chart"
full-stacked-column-chart,,/e180,charts,"analytics,chart,display,data,full stacked column chart"
vertical-bar-chart-2,,/e181,charts,"analytics,chart,display,data,vertical bar chart,column"
horizontal-bar-chart-2,,/e182,charts,"analytics,chart,display,data,horizontal bar chart"
horizontal-stacked-chart,,/e183,charts,"analytics,chart,display,data,horizontal stacked chart"
vertical-stacked-chart,,/e184,charts,"analytics,chart,display,data,vertical stacked chart"
choropleth-chart,,/e185,charts,"analytics,chart,display,data,choropleth chart,geographic,map,world"
geographic-bubble-chart,,/e186,charts,"analytics,chart,display,data,geographic,bubble,map,world"
multiple-radar-chart,,/e187,charts,"analytics,chart,display,data,multiple radar chart"
radar-chart,,/e188,charts,"analytics,chart,display,data,radar-chart"
crossed-line-chart,,/e189,charts,"analytics,chart,display,data,crossed line chart"
multiple-line-chart,,/e18a,charts,"analytics,chart,display,data,multiple line chart"
multiple-bar-chart,,/e18b,charts,"analytics,chart,display,data,multiple bar chart"
line-chart,,/e18c,charts,"analytics,chart,display,data,line chart"
line-chart-dual-axis,,/e18d,charts,"analytics,chart,display,data,line chart,dual axis"
bubble-chart,,/e18e,charts,"analytics,chart,display,data,bubble chart"
scatter-chart,,/e18f,charts,"analytics,chart,display,data,scatter chart"
multiple-pie-chart,,/e190,charts,"analytics,chart,display,data,multiple,pie chart"
column-chart-dual-axis,,/e191,charts,"analytics,chart,display,data,column,dual axis"
tag-cloud-chart,,/e192,charts,"analytics,chart,display,data,speech,tag,cloud"
area-chart,,/e193,charts,"analytics,chart,display,data,area"
cause,,/e194,actions,"get,reason,incoming,arrow,relocate,take"
cart-3,,/e195,shopping,"cart,trolley,basket,shopping,item,add,put in,insert,down,arrow"
cart-2,,/e196,shopping,"cart,trolley,basket,shopping,empty,remove,take out,clear,up,arrow"
bus-public-transport,,/e197,transport,"bus,public,traffic,vehicle"
burglary,,/e198,objects,"money,thief,loss,theft,safe,unsafe,burglary,robbery,bank"
building,,/e199,"objects,places","building,company,firm,factory,office"
border,,/e19a,objects,"border,square,outline"
bookmark,,/e19b,actions,"bookmark,later,marker,save"
badge,,/e19c,objects,"badge,insignia,star,service,identity,authority,legitimate,coat of arms,membership,award,rank"
attachment-audio,,/e19d,documents,"document,page,file,attachment,audio,sound"
attachment-video,,/e19e,documents,"document,page,file,attachment,video,film,movie"
attachment-html,,/e19f,documents,"document,page,file,attachment,html,web,website"
attachment-photo,,/e1a0,documents,"document,page,file,attachment,photo,image"
attachment-e-pub,,/e1a1,documents,"document,page,file,e pub,electronic publication,e book"
attachment-zip-file,,/e1a2,documents,"document,page,file,zip,compressed"
attachment-text-file,,/e1a3,documents,"document,page,file,text"
add-equipment,,/e1a4,actions,"wrench,control,configuration,settings,tool,add,plus,additional,another,more"
add-activity,,/e1a5,actions,"activity,activities,tasks,to do,list,add,plus,additional,another,more"
activity-individual,,/e1a6,clipboards,"activity,activities,tasks,to do,list,individual,person"
activity-2,,/e1a7,clipboards,"activity,activities,tasks,to do,list,check list,correct,success,tick mark"
add-activity-2,,/e1a8,clipboards,"activity,activities,tasks,to do,list,check list,correct,success,tick mark,add,plus,additional,another,more"
activity-items,,/e1a9,clipboards,"activity,activities,tasks,to do,list,items"
activity-assigned-to-goal,,/e1aa,clipboards,"activity,activities,tasks,to do,assigned to goal,target,objective"
status-positive,,/e1ab,status,"positive,completed,on track,led,traffic lights,street sign,lifecycle"
status-negative,,/e1ac,status,"negative,attention,led,traffic lights,street sign,lifecycle"
status-inactive,,/e1ad,status,"inactive,neutral,information,led,traffic lights,street sign,lifecycle"
status-critical,,/e1ae,status,"critical,in process,warning,led,traffic lights,street sign,lifecycle"
blank-tag-2,,/e1af,objects,"tag,label,marker,indicator,blank"
cart-full,,/e1b0,shopping,"cart,trolley,basket,shopping,full,capacity,load"
locate-me,,/e1b1,"actions,places","arrow,locate,me,map,location,pointer,navigation"
paging,,/e1b2,actions,"paging,navigation"
company-view,,/e1b3,people,"view,group,company,personnel,firm,overview"
document-text,,/e1b4,documents,"document,page,file,text"
explorer,,/e1b5,objects,"explorer,compass"
personnel-view,,/e1b6,people,"view,person,profile,personnel,overview"
sorting-ranking,,/e1b7,"actions,arrows","sort,ranking,ascending,descending,arrow"
drill-down,,/e1b8,arrows,"drill down,arrow,detail,hierarchy,level"
drill-up,,/e1b9,arrows,"drill up,arrow,detail,hierarchy,level"
vds-file,,/e1ba,documnets,"document,page,file,text,attachment,Visual Design Stream,vds"
sap-logo-shape,,/e1bb,objects,"sap,logo,shape"
folder-full,,/e1bc,folder,"folder,full,directory,library,contents"
system-exit,,/e1bd,"actions,arrows","system,exit"
system-exit-2,,/e1be,"actions,arrows","system,exit"
close-command-field,,/e1bf,arrows,"close command field,navigation,left,page left,previous,arrow"
open-command-field,,/e1c0,"actions,arrows","open command field,navigation,right,page right,next,arrow"
sys-enter-2,,/e1c1,"actions,status","system,enter,correct,tick,affirmative,available,online,present,me,check,checkmark,status,message,filled,notification,success,positive"
sys-enter,,/e1c2,actions,"system,enter,correct,tick,affirmative,check,checkmark,status,message,positive,success"
sys-help-2,,/e1c3,"actions,status","system,help,circle,question,filled"
sys-help,,/e1c4,"actions,status","system,help,circle,question"
sys-back,,/e1c5,"actions,arrows","system,back,arrows"
sys-back-2,,/e1c6,"actions,arrows","system,back,arrows"
sys-cancel,,/e1c7,actions,"clear,remove,cancel,x,status,message,error,message-error,notification"
sys-cancel-2,,/e1c8,actions,"clear,remove,cancel,x,status,message,filled,error,message-error,notification"
open-folder,,/e1c9,folder,"folder,open"
sys-find-next,,/e1ca,actions,"find,binoculars,look up,add,plus,additional,another,more"
sys-find,,/e1cb,actions,"find,binoculars,look up"
sys-monitor,,/e1cc,"devices,objects","screen,monitor,tv"
sys-prev-page,,/e1cd,"actions,documents","system,previous,page,up,arrows"
sys-first-page,,/e1ce,"actions,documents","system,first,page,up,top,arrows"
sys-next-page,,/e1cf,"actions,documents","system,next,page,down,arrows"
sys-last-page,,/e1d0,"actions,documents","system,last,page,down,bottom,arrows"
generate-shortcut,,/e1d1,actions,"generate,shortcut,arrow"
create-session,,/e1d2,actions,"create,session"
display-more,,/e1d3,actions,"display,details,more,arrow"
enter-more,,/e1d4,actions,"enter,details,more,arrow"
zoom-in,,/e1d5,actions,"zoom,in,magnify,glass,plus,enlarge,bigger"
zoom-out,,/e1d6,actions,"zoom,out,glass,minus,reduce,smaller"
header,,/e1d7,objects,"maximize,header,screen"
detail-view,,/e1d8,"actions,form","search,form,look up,find,view,detial"
collapse,,/e1d9,actions,"collapse all,minus,ungroup all,arrow"
expand,,/e1da,actions,"expand all,plus,group all,arrow"
positive,,/e1db,actions,"plus,positive"
negative,,/e1dc,actions,"minus,remove,subtract,negative"
display,,/e1dd,actions,"display,details,inspect,spectacles,glasses"
menu2,,/e1de,actions,"menu,hamburger menu,main menu"
redo,,/e1df,"actions,arrows","redo,arrow,previous state,history,forwards"
undo,,/e1e0,"actions,arrows","undo,arrow,previous state,history,backwards"
navigation-up-arrow,,/e1e1,"actions,arrows","navigation,up,arrow"
navigation-down-arrow,,/e1e2,"actions,arrows","navigation,down,collapse,expanded tree,tree arrow,arrow"
down,,/e1e3,arrows,"down,triangle"
up,,/e1e4,arrows,"up,triangle"
shelf,,/e1e5,objects,"shelf,storage,drawers,compartments"
background,,/e1e6,objects,"image,placeholder,picture,hills,mountains,sun"
resize,,/e1e7,"actions,arrows","resize,bigger,smaller"
move,,/e1e8,"actions,arrows","move,relocate,left,right,up,down"
show,,/e1e9,actions,"show,eye"
hide,,/e1ea,actions,"hide,eye"
nav-back,,/e1eb,"actions,arrows","navigation,back,previous,arrow"
error,,/e1ec,status,"message,error,negative,notifications,status,solid"
slim-arrow-right,,/e1ed,"actions,arrows","slim,thin,skinny,arrow,right,scroll right"
slim-arrow-left,,/e1ee,"actions,arrows","slim,thin,skinny,arrow,left,scroll left"
slim-arrow-down,,/e1ef,"actions,arrows","slim,thin,skinny,arrow,down,select navigation,combobox,multi combobox"
slim-arrow-up,,/e1f0,"actions,arrows","slim,thin,skinny,arrow,up"
forward,,/e1f1,arrows,"forward,arrow"
overflow,,/e1f2,actions,"overflow,dots,ellipsis,more"
value-help,,/e1f3,actions,"value,help,popup,assistance,multi input"
multiselect,,/e1f4,actions,"multi select,list,table,data"
exitfullscreen,,/e1f5,actions,"exit,fullscreen,arrow"
sys-add,,/e1f6,actions,"add,plus,additional,another,more,add row,add object,add item"
sys-minus,,/e1f7,actions,"minus,remove,subtract"
dropdown,,/e1f8,arrows,"dropdown,menu,menu button,arrow"
expand-group,,/e1f9,arrows,"expand,group,move to bottom,arrow"
vertical-grip,,/e1fa,"actions,objects","vertical,grip,move left,move right,splitter"
horizontal-grip,,/e1fb,"actions,objects","horizontal,grip,move up,move down,splitter"
sort-descending,,/e1fc,"actions,arrows","sort,descending,down,table,aggregate"
sort-ascending,,/e1fd,"actions,arrows","sort,ascending,up,table,aggregate"
arrow-down,,/e1fe,arrows,"arrow,circle,down,variant,management,selection,options"
legend,,/e1ff,"actions,objects","legend,description,colors,charts,table,planning,calendar"
collapse-group,,/e200,arrows,"collapse,group,move to top,arrow"
message-warning,,/e201,status,"message,warning,critical,notifications,status"
message-information,,/e202,status,"message,information,neutral,notifications,status"
message-success,,/e203,status,"message,success,positive,notifications,status"
restart,,/e204,"actions,arrows","restart,process,play"
stop,,/e205,actions,"stop,process,play"
add-process,,/e206,"actions,objects","process,add,plus,additional,another,more"
cancel-maintenance,,/e207,"actions,status","wrench,control,configuration,settings,tool,cancel maintenance"
activate,,/e208,actions,"activate,ignite,initiate,magic,wand,spark"
resize-horizontal,,/e209,"actions,arrows","resize,horizontal,column,screen,bigger,smaller,enlarge,reduce,arrows,lines,side to side"
resize-vertical,,/e20a,"actions,arrows","resize,vertical,row,screen,bigger,smaller,enlarge,reduce,arrows,lines,up and down"
connected,,/e20b,status,"plug,connected,on,state"
disconnected,,/e20c,actions,"plug,disconnected,unplug,state"
edit-outside,,/e20d,"actions,arrows","pencil,pen,write,edit,modify,text,outside,arrow"
key,,/e20e,objects,"key,foreign,data,lock,important"
minimize,,/e20f,"actions,objects","minimize,screen,window,reduce,hide"
back-to-top,,/e210,arrows,"back to top,jump,beginning,arrow,up"
hello-world,,/e211,"callout,objects","bubble,ui5,hello,world"
outbox,,/e212,actions,"outbox,out,arrow"
donut-chart,,/e213,charts,"analytics,chart,display,data"
heatmap-chart,,/e214,charts,"analytics,chart,display,data"
horizontal-bullet-chart,,/e215,charts,"analytics,chart,display,data"
vertical-bullet-chart,,/e216,charts,"analytics,chart,display,data"
call,,/e217,actions,"call,communicate,phone,telephone"
download-from-cloud,,/e218,"actions,arrows","download,cloud,arrow"
upload-to-cloud,,/e219,"actions,arrows","save,upload,cloud,arrow"
jam,,/e21a,"objects,places","sap,logo,jam,social,collaborate,share"
sap-ui5,,/e21b,objects,"ui5,framework,development,sap"
message-popup,,/e21c,"callout,status","message,popup,speech,bubble,exclamation,notifications,status"
cloud,,/e21d,"objects,place","cloud,platform,storage,big data,sap"
horizontal-waterfall-chart,,/e21e,charts,"analytics,chart,display,data"
vertical-waterfall-chart,,/e21f,charts,"analytics,chart,display,data"
broken-link,,/e220,"objects,status","unlink,broken,chain,hyperlink"
headset,,/e221,objects,"headset,call,help,support,talk,mic,listen"
thumb-up,,/e222,actions,"thumbs,up,like,appreciate,positive"
thumb-down,,/e223,actions,"thumbs,down,dislike,negative"
multiselect-all,,/e224,actions,"multi select,list,table,data,all,selected"
multiselect-none,,/e225,actions,"multi select,list,table,data,none,deselected"
scissors,,/e226,"actions,objects","cut,scissors,document,clipboards,file,text"
sound,,/e227,"actions,objects","sound,audio,audio,speaker"
sound-loud,,/e228,"actions,objects","sound,audio,audio,speaker,loud,louder"
sound-off,,/e229,"actions,objects","sound,audio,off,mute,quiet,speaker,cancel"
date-time,,/e22a,calendars,"date,time"
user-settings,,/e22b,"actions,people","settings,cogwheel,configuration,settings,tools,modify,customize,person,user,runtime authoring"
key-user-settings,,/e23c,actions,"settings,cogwheel,configuration,settings,tools,modify,customize,administrator,key user,runtime authoring"
developer-settings,,/e22d,actions,"settings,cogwheel,configuration,settings,tools,modify,customize,developer,runtime authoring"
text-formatting,,/e22e,"actions,text","customize,text,format,options,text decoration,text edit,rich-text"
bold-text,,/e22f,"actions,text","bold,fat,bulk,weight,text,format,text decoration,text edit,rich-text"
italic-text,,/e230,"actions,text","itlalic,slanted,leaning,text,format,text decoration,text edit,rich-text"
underline-text,,/e231,"actions,text","underline,text,format,text decoration,text edit,rich-text"
text-align-justified,,/e232,"actions,text","align,text,justified,text edit,rich-text"
text-align-left,,/e233,"actions,text","align,text,left,text edit,rich-text"
text-align-center,,/e234,"actions,text","align,text,center,text edit,rich-text"
text-align-right,,/e235,"actions,text","align,text,right,text edit,rich-text"
bullet-text,,/e236,"actions,text","bullet,text,dots,text edit,rich-text"
numbered-text,,/e237,"actions,text","numbered,text,1, 2, 3,text edit,rich-text"
co,,/e238,objects,"co pilot,mnemonics,assistant,launchpad"
ui-notifications,,/e239,"actions,callout","notify,ui,notifications,alerts,launchpad"
bell,,/e23a,objects,"bell,alarm,notify,alerts"
cancel-share,,/e23b,"actions,status","cancel share,cancel distribution,do not share with connections"
write-new-document,,/e23c,"actions,documents","document,page,file,text,edit,write,new,pencil,pen"
write-new,,/e23d,actions,"write,new,create,pencil,pen"
cancel,,/e23e,"actions,status","unable,forbidden,do not,cancel,not allowed,not allowed"
screen-split-one,,/e23f,objects,"screen,split,two,master,detail,split app"
screen-split-two,,/e240,objects,"screen,split,two,half"
screen-split-three,,/e241,objects,"screen,split,three,columns"
customize,,/e242,actions,"settings,configuration,settings,modify,customize,equaliser,fine tune"
user-edit,,/e243,"actions,people","user,edit,person,pencil,pen"
source-code,,/e244,arrows,"source,code,develop,write,syntax"
copy,,/e245,actions,"copy,document,file,duplicate,text"
paste,,/e246,"actions,clipboards","paste,document,clipboards,file,text"
line-chart-time-axis,,/e247,"charts,time","chart,line,time,axis"
clear-filter,,/e248,actions,"filter,organise,aggregate,data,clear,delete,remove,cancel"
reset,,/e249,"actions,arrows","reset,x,cancel"
trend-up,,/e24a,"actions,arrows","trend,up,diagonal,increase,improve,arrow"
trend-down,,/e24b,"actions,arrows","trend,down,diagonal,decrease,decline,arrow"
cursor,,/e24c,"actions,objects,text","cursor,arrow,mouse,pointer,select"
add-document,,/e24d,"actions,document","document,page,file,text,new,add,plus,additional,another,more"
create-form,,/e24e,"actions,form","create,form,new,add,plus,additional,another,more"
resize-corner,,/e24f,actions,"resize,dialog,corner"
chevron-phase,,/e250,"charts,objects,tables","analytics,chart,display,data,gantt,shape,chevron,phase"
chevron-phase-2,,/e251,"charts,objects,tables","analytics,chart,display,data,gantt,shape,chevron,phase"
rhombus-milestone,,/e252,"charts,objects,tables","analytics,chart,display,data,gantt,shape,rhombus,milestone"
rhombus-milestone-2,,/e253,"charts,objects,tables","analytics,chart,display,data,gantt,shape,rhombus,milestone"
circle-task,,/e254,"charts,objects,tables","analytics,chart,display,data,gantt,shape,circle,task"
circle-task-2,,/e255,"charts,objects,tables","analytics,chart,display,data,gantt,shape,circle,task"
project-definition-triangle,,/e256,"charts,objects,tables","analytics,chart,display,data,gantt,shape,triangle,project,definition"
project-definition-triangle-2,,/e257,"charts,objects,tables","analytics,chart,display,data,gantt,shape,triangle,project,definition"
master-task-triangle,,/e258,"charts,objects,tables","analytics,chart,display,data,gantt,shape,triangle,task,master"
master-task-triangle-2,,/e259,"charts,objects,tables","analytics,chart,display,data,gantt,shape,triangle,task,master"
program-triangles,,/e25a,"charts,objects,tables","analytics,chart,display,data,gantt,shape,triangle,program"
program-triangles-2,,/e25b,"charts,objects,tables","analytics,chart,display,data,gantt,shape,triangle,program"
mirrored-task-circle,,/e25c,"charts,objects,tables","analytics,chart,display,data,gantt,shape,mirrored,circle,task"
mirrored-task-circle-2,,/e25d,"charts,objects,tables","analytics,chart,display,data,gantt,shape,mirrored,circle,task"
checklist-item,,/e25e,"charts,objects,tables","analytics,chart,display,data,gantt,shape,checklist,item"
checklist-item-2,,/e25f,"charts,objects,tables","analytics,chart,display,data,gantt,shape,checklist,item"
checklist,,/e260,"charts,objects,tables","analytics,chart,display,data,gantt,shape,checklist"
checklist-2,,/e261,"charts,objects,tables","analytics,chart,display,data,gantt,shape,checklist"
chart-table-view,,/e262,"charts,tables","analytics,chart,display,data,table,columns,rows,grid,view"
filter-analytics,,/e263,"charts,objects","analytics,filter,organise,chart,customize,display,data"
filter-facets,,/e264,objects,"analytics,filter,organise,chart,customize,display,data"
filter-fields,,/e265,objects,"analytics,filter,organise,chart,customize,display,data"
indent,,/e266,"actions,text","indent,paragraph,move right,align,text edit,spacing,rich-text,arrows"
outdent,,/e267,"actions,text","outdent,paragraph,move left,align,text edit,spacing,rich-text,arrows"
heading-1,,/e268,"actions,text","heading,header,h1,large text,title,level 1,text edit,rich-text"
heading-2,,/e269,"actions,text","heading,header,h2,large text,title,level 2,text edit,rich-text"
heading-3,,/e26a,"actions,text","heading,header,h3,large text,title,level 3,text edit,rich-text"
decrease-line-height,,/e26b,"actions,text","decrease,line height,leading,text edit,spacing,rich-text,less space,reduce,compress,arrows"
increase-line-height,,/e26c,"actions,text","increase,line height,leading,text edit,spacing,rich-text,more space,enlarge,expand,arrows"
fx,,/e26d,"actions,text","function,formula,effects,fx,calculation,mathematics,sum,letters,conditions"
add-folder,,/e26e,"action,folder","folder,add,directory,additional,library"
away,,/e26f,status,"time,clock,away,availability,chronicle,be right back,appear away,off work,me"
busy,,/e270,status,"busy,unavailable,not responsive,blocked,circle,dot,me,working"
appear-offline,,/e271,status,"appear-offline,offline,hide,blocked,circle,me"
blur,,/e272,action,"blur,tool,screenshot,image,edit,modify,distort,smudge,blurry,filter,effects"
pixelate,,/e273,action,"pixel,tool,screenshot,image,edit,modify,distort,pixelate,sqaures,dots,resolution,noise"
horizontal-combination-chart,,/e274,charts,"analytics,chart,display,data,combination,line-chart,bar,horizontal"
add-employee,,/e275,"action,people","customer,user,person,individual,contacts,add,additional,employee,hr,human resources,plus"
text-color,,/e276,text,"color,formatting,edit,colour,letters,rich,rich-text,options"
browse-folder,,/e277,folder,"browse folder,search,look up,folder,browse,directory,library,find"
primary-key,,/e278,objects,"key,primary,data,lock,important"
two-keys,,/e279,objects,"key,primary,foreign,data,lock,important"
strikethrough,,/e27a,text,"strike,formatting,edit,cross out,letters,rich,rich-text,options,review"
text,,/e27b,text,"text,formatting,edit,input,letters,rich,rich-text"
responsive,,/e27c,devices,"desktop,tablet,mobile,phone,adaptive,cozy,compact,web app"
desktop-mobile,,/e27d,devices,"desktop,tablet,mobile,phone,adaptive,cozy,compact,web app,responsive,adaptive"
table-row,,/e27e,"objects,tables","display,data,table,table row,grid,view,rows,waffle"
table-column,,/e27f,"objects,tables","display,data,table,table column,grid,view,columns,waffle"
validate,,/e280,"status,action","message,check,validate,security,status,approve,reject,decision,certify"
keyboard-and-mouse,,/e281,"objects,action","mouse,desktop,click,keyboard,compact,condensed,controls,devices"
touch,,/e282,"objects,action","finger,mobile,press,touch,cozy,comfortable,controls,devices"
expand-all,,/e283,arrows,"expand,all,open,open all,expand all,arrow,table,tree,list"
combine,,/e285,arrows,"combine,merge,arrow-right,combine-split,runtime authoring,settings"
split,,/e286,arrows,"split,arrows-right,user,runtime authoring,settings"
megamenu,,/e287,arrows,"navigation,arrows-down,arrow-down,down,shell"
feedback,,/e288,callout,"feedback,smiley,comment,shell,callout,speech"
information,,/e289,status,"information,info,message,message-information,i,filled,notification"
s4hana,,/e28A,objects,"s4hana,S/4HANA,HANA,hana,s4,S/4,product switch,product,switch"
translate,,/e28B,text,"translate,text,letters,translation,A,arrows"
clear-all,,/e28C,"actions,tables","clear,clear-all,square,x,delete,remove,check,uncheck"
command-line-interfaces,,/e28D,arrows,"command,command-line,interfaces,code,develop,source,source-code,write,syntax,programming,technical"
sum,,/e28E,tables,"sigma,sum,summation,addition,total,aggregate,amount,covariance,covariance matrix"
qr-code,,/e28F,objects,"qr,qrcode,qr-code,scan,code"
space-navigation,,e290,places,"space, navigation, circle, shape, line"
in-progress,,e291,status,"in process, status, working, current, on-going, clock, Time, Square"
not-editable,,e292,places,"not editable, pencil, status, editable false, crossed-out"
